Entity,Year,Daily caloric supply (OWID based on UN FAO & historical sources),Overweight or Obese (NCDRisC (2017)),Population (historical estimates),Continent
Afghanistan,2010,2104,11.7,28189672,Asia
Afghanistan,2011,2107,12.1,29249156,Asia
Afghanistan,2012,2100,12.5,30466484,Asia
Afghanistan,2013,2090,12.9,31541216,Asia
Afghanistan,2014,2095,13.2,32716214,Asia
Albania,2010,3076,54.8,2913402,Europe
Albania,2011,3132,55.8,2900660,Europe
Albania,2012,3184,56.7,2892191,Europe
Albania,2013,3193,57.5,2887019,Europe
Albania,2014,3266,58.4,2884100,Europe
Algeria,2010,3142,48.3,35856348,Africa
Algeria,2011,3217,49.1,36543548,Africa
Algeria,2012,3272,49.9,37260568,Africa
Algeria,2013,3296,50.7,38000628,Africa
Algeria,2014,3377,51.5,38760168,Africa
Angola,2010,2345,15.9,23364196,Africa
Angola,2011,2407,16.6,24259120,Africa
Angola,2012,2384,17.3,25188298,Africa
Angola,2013,2473,18,26147012,Africa
Angola,2014,2419,18.6,27128340,Africa
Antigua and Barbuda,2010,2316,49.9,85710,North America
Antigua and Barbuda,2011,2369,50.7,86749,North America
Antigua and Barbuda,2012,2293,51.5,87688,North America
Antigua and Barbuda,2013,2417,52.3,88512,North America
Antigua and Barbuda,2014,2400,53.2,89252,North America
Argentina,2010,3155,63.8,41100124,South America
Argentina,2011,3161,64.6,41520736,South America
Argentina,2012,3197,65.3,41952364,South America
Argentina,2013,3229,66,42388268,South America
Argentina,2014,3245,66.6,42824064,South America
Armenia,2010,2768,50.5,2946296,Asia
Armenia,2011,2788,51.7,2928984,Asia
Armenia,2012,2882,52.8,2914428,Asia
Armenia,2013,2928,53.9,2901386,Asia
Armenia,2014,3069,54.9,2889937,Asia
Australia,2010,3213,67.4,22019166,Oceania
Australia,2011,3237,67.9,22357032,Oceania
Australia,2012,3257,68.5,22729272,Oceania
Australia,2013,3276,69,23111788,Oceania
Australia,2014,3407,69.6,23469578,Oceania
Austria,2010,3724,60.7,8362829,Europe
Austria,2011,3735,61.1,8391201,Europe
Austria,2012,3739,61.6,8429641,Europe
Austria,2013,3768,62,8479542,Europe
Austria,2014,3672,62.5,8546066,Europe
Azerbaijan,2010,2973,50.7,9237203,Asia
Azerbaijan,2011,3039,51.9,9359018,Asia
Azerbaijan,2012,3055,53,9485577,Asia
Azerbaijan,2013,3118,54.1,9614478,Asia
Azerbaijan,2014,3093,55.1,9741879,Asia
Bahamas,2010,2598,58.6,373277,North America
Bahamas,2011,2568,59.1,377956,North America
Bahamas,2012,2671,59.7,382073,North America
Bahamas,2013,2670,60.3,385660,North America
Bahamas,2014,2636,60.9,389137,North America
Bangladesh,2010,2439,12.3,148391136,Asia
Bangladesh,2011,2429,12.8,150211008,Asia
Bangladesh,2012,2435,13.2,152090656,Asia
Bangladesh,2013,2450,13.7,154030144,Asia
Bangladesh,2014,2494,14.1,155961312,Asia
Barbados,2010,2909,48,274717,North America
Barbados,2011,2892,48.8,275501,North America
Barbados,2012,2912,49.6,276207,North America
Barbados,2013,2937,50.5,276873,North America
Barbados,2014,2913,51.3,277501,North America
Belarus,2010,3196,57.2,9731426,Europe
Belarus,2011,3400,58.2,9706983,Europe
Belarus,2012,3400,59.2,9693754,Europe
Belarus,2013,3250,60,9691143,Europe
Belarus,2014,3335,60.9,9693741,Europe
Belgium,2010,3707,65.5,10877948,Europe
Belgium,2011,3720,65.8,10955742,Europe
Belgium,2012,3715,66.2,11031140,Europe
Belgium,2013,3733,66.5,11103260,Europe
Belgium,2014,3789,66.9,11176727,Europe
Belize,2010,2839,43.7,322115,North America
Belize,2011,2761,44.4,329546,North America
Belize,2012,2735,45,337067,North America
Belize,2013,2751,45.7,344695,North America
Belize,2014,2627,46.3,352343,North America
Benin,2010,2555,15,9445716,Africa
Benin,2011,2598,15.4,9726385,Africa
Benin,2012,2610,15.9,10014087,Africa
Benin,2013,2619,16.3,10308730,Africa
Benin,2014,2739,16.8,10614845,Africa
Bermuda,2010,2677,65.6,63466,North America
Bermuda,2011,2649,66.4,63554,North America
Bermuda,2012,2649,67.3,63581,North America
Bermuda,2013,2671,68.1,63527,North America
Bolivia,2010,2177,46,10223277,South America
Bolivia,2011,2222,46.7,10396249,South America
Bolivia,2012,2234,47.5,10569697,South America
Bolivia,2013,2256,48.3,10743352,South America
Bolivia,2014,2310,49,10916991,South America
Bosnia and Herzegovina,2010,3099,52,3811093,Europe
Bosnia and Herzegovina,2011,3134,52.7,3743143,Europe
Bosnia and Herzegovina,2012,3050,53.5,3674376,Europe
Bosnia and Herzegovina,2013,3154,54.2,3617564,Europe
Bosnia and Herzegovina,2014,3200,54.9,3571070,Europe
Botswana,2010,2234,27,2091666,Africa
Botswana,2011,2273,27.9,2134043,Africa
Botswana,2012,2342,28.8,2175429,Africa
Botswana,2013,2326,29.8,2217285,Africa
Botswana,2014,2385,30.8,2260383,Africa
Brazil,2010,3230,51.7,196353504,South America
Brazil,2011,3286,52.6,198185296,South America
Brazil,2012,3248,53.5,199977712,South America
Brazil,2013,3263,54.4,201721776,South America
Brazil,2014,3303,55.2,203459648,South America
Brunei,2010,2894,41.8,396064,Asia
Brunei,2011,2941,42.5,401515,Asia
Brunei,2012,2970,43.3,406637,Asia
Brunei,2013,2985,44,411704,Asia
Bulgaria,2010,2762,61.4,7592271,Europe
Bulgaria,2011,2769,62,7543128,Europe
Bulgaria,2012,2777,62.5,7488347,Europe
Bulgaria,2013,2829,63,7431169,Europe
Bulgaria,2014,2865,63.5,7372142,Europe
Burkina Faso,2010,2681,13.7,16116851,Africa
Burkina Faso,2011,2664,14,16602652,Africa
Burkina Faso,2012,2707,14.4,17113736,Africa
Burkina Faso,2013,2720,14.7,17636414,Africa
Burkina Faso,2014,2737,15,18169844,Africa
Cambodia,2010,2417,10.8,14363534,Asia
Cambodia,2011,2426,11.2,14573894,Asia
Cambodia,2012,2432,11.6,14786650,Asia
Cambodia,2013,2477,12,14999691,Asia
Cambodia,2014,2504,12.4,15210817,Asia
Cameroon,2010,2510,19.8,19878044,Africa
Cameroon,2011,2573,20.2,20448880,Africa
Cameroon,2012,2622,20.7,21032684,Africa
Cameroon,2013,2671,21.2,21632852,Africa
Cameroon,2014,2685,21.7,22299590,Africa
Canada,2010,3447,67.2,33963416,North America
Canada,2011,3474,67.7,34323536,North America
Canada,2012,3485,68.1,34691876,North America
Canada,2013,3494,68.5,35063696,North America
Canada,2014,3414,69,35404616,North America
Central African Republic,2010,2164,11.6,4660066,Africa
Central African Republic,2011,2154,11.9,4732037,Africa
Central African Republic,2012,2116,12.3,4773306,Africa
Central African Republic,2013,1879,12.4,4802437,Africa
Central African Republic,2014,1769,12.7,4798739,Africa
Chad,2010,2057,13.3,11894734,Africa
Chad,2011,2062,13.6,12317729,Africa
Chad,2012,2124,14,12754912,Africa
Chad,2013,2110,14.3,13216769,Africa
Chad,2014,2147,14.6,13697128,Africa
Chile,2010,2915,61.9,17004166,South America
Chile,2011,2956,62.6,17173568,South America
Chile,2012,2958,63.3,17341770,South America
Chile,2013,2979,64,17509926,South America
Chile,2014,3008,64.7,17687108,South America
China,2010,3044,33.2,1348191360,Asia
China,2011,3081,34.5,1357095424,Asia
China,2012,3100,35.9,1366560768,Asia
China,2013,3108,37.3,1376100352,Asia
China,2014,3151,38.7,1385189632,Asia
Colombia,2010,2665,51.2,44816104,South America
Colombia,2011,2696,52,45308896,South America
Colombia,2012,2752,52.7,45782420,South America
Colombia,2013,2804,53.5,46237928,South America
Colombia,2014,2922,54.2,46677944,South America
Congo,2010,2143,19.6,4437883,Africa
Congo,2011,2185,20.2,4584223,Africa
Congo,2012,2158,20.9,4713260,Africa
Congo,2013,2208,21.5,4828073,Africa
Congo,2014,2221,22.2,4944865,Africa
Costa Rica,2010,2848,55.1,4622250,North America
Costa Rica,2011,2882,56,4679927,North America
Costa Rica,2012,2850,56.8,4736593,North America
Costa Rica,2013,2848,57.6,4791541,North America
Costa Rica,2014,2890,58.4,4844293,North America
Croatia,2010,2971,60.9,4368680,Europe
Croatia,2011,2997,61.7,4351838,Europe
Croatia,2012,2995,62.5,4331592,Europe
Croatia,2013,3059,63.2,4308854,Europe
Croatia,2014,2977,64,4283968,Europe
Cuba,2010,3160,48,11290420,North America
Cuba,2011,3285,49,11298713,North America
Cuba,2012,3346,50,11309292,North America
Cuba,2013,3409,50.9,11321583,North America
Cuba,2014,3353,51.9,11332030,North America
Cyprus,2010,2671,62.8,1129693,Asia
Cyprus,2011,2683,63.2,1145090,Asia
Cyprus,2012,2640,63.6,1156556,Asia
Cyprus,2013,2649,63.9,1166972,Asia
Cyprus,2014,2995,64.2,1176997,Asia
Czechia,2010,3276,67.6,10464750,Europe
Czechia,2011,3251,68,10496379,Europe
Czechia,2012,3243,68.4,10511065,Europe
Czechia,2013,3256,68.8,10514547,Europe
Czechia,2014,3197,69.2,10517178,Europe
Denmark,2010,3398,63.5,5550850,Europe
Denmark,2011,3348,63.7,5576016,Europe
Denmark,2012,3331,64.1,5600955,Europe
Denmark,2013,3367,64.4,5625393,Europe
Denmark,2014,3355,64.7,5650654,Europe
Djibouti,2010,2467,22.4,919206,Africa
Djibouti,2011,2504,22.9,936819,Africa
Djibouti,2012,2545,23.6,954311,Africa
Djibouti,2013,2607,24.2,971761,Africa
Djibouti,2014,2581,24.8,989091,Africa
Dominica,2010,2985,47.8,68775,North America
Dominica,2011,2962,48.6,68758,North America
Dominica,2012,2949,49.4,68908,North America
Dominica,2013,2931,50.2,68839,North America
Dominica,2014,2962,50.9,69388,North America
Dominican Republic,2010,2532,45.1,9775756,North America
Dominican Republic,2011,2562,46.2,9903743,North America
Dominican Republic,2012,2573,47.2,10030885,North America
Dominican Republic,2013,2614,48.3,10157054,North America
Dominican Republic,2014,2767,49.4,10282116,North America
Ecuador,2010,2348,49.1,14989581,South America
Ecuador,2011,2376,49.9,15237734,South America
Ecuador,2012,2347,50.8,15483884,South America
Ecuador,2013,2344,51.6,15722988,South America
Ecuador,2014,2612,52.5,15957995,South America
Egypt,2010,3507,52.5,87252416,Africa
Egypt,2011,3549,53.3,89200056,Africa
Egypt,2012,3561,54,91240384,Africa
Egypt,2013,3522,54.8,93377896,Africa
Egypt,2014,3388,55.5,95592328,Africa
El Salvador,2010,2515,49.4,6114039,North America
El Salvador,2011,2537,50.1,6137354,North America
El Salvador,2012,2559,50.8,6161293,North America
El Salvador,2013,2577,51.5,6185641,North America
El Salvador,2014,2586,52.2,6209528,North America
Estonia,2010,3310,58,1331535,Europe
Estonia,2011,3289,58.7,1327435,Europe
Estonia,2012,3232,59.4,1322682,Europe
Estonia,2013,3253,60.1,1317985,Europe
Estonia,2014,3210,60.7,1314531,Europe
Eswatini,2010,2284,23.7,1099926,Africa
Eswatini,2011,2283,24.1,1105379,Africa
Eswatini,2012,2293,24.5,1111453,Africa
Eswatini,2013,2329,25,1118329,Africa
Eswatini,2014,2375,25.4,1125872,Africa
Ethiopia,2010,2080,9.3,89237800,Africa
Ethiopia,2011,2103,9.6,91817936,Africa
Ethiopia,2012,2124,9.8,94451280,Africa
Ethiopia,2013,2131,10.1,97084376,Africa
Ethiopia,2014,2250,10.3,99746768,Africa
Fiji,2010,2914,57.5,905176,Oceania
Fiji,2011,2923,57.8,908359,Oceania
Fiji,2012,2931,58.2,911067,Oceania
Fiji,2013,2943,58.6,913467,Oceania
Fiji,2014,2751,59,915576,Oceania
Finland,2010,3280,60.5,5363279,Europe
Finland,2011,3305,61,5388173,Europe
Finland,2012,3323,61.3,5413865,Europe
Finland,2013,3368,61.7,5438873,Europe
Finland,2014,3320,62,5461436,Europe
France,2010,3536,65.5,62444568,Europe
France,2011,3514,65.9,62775272,Europe
France,2012,3460,66.2,63071412,Europe
France,2013,3482,66.6,63335180,Europe
France,2014,3411,66.9,63588496,Europe
French Polynesia,2010,2931,81.4,283795,Oceania
French Polynesia,2011,2922,81.7,285275,Oceania
French Polynesia,2012,2942,82,286591,Oceania
French Polynesia,2013,2927,82.3,288037,Oceania
French Polynesia,2014,2958,82.6,289880,Oceania
Gabon,2010,2732,30.8,1711117,Africa
Gabon,2011,2772,31.5,1772508,Africa
Gabon,2012,2795,32.3,1836711,Africa
Gabon,2013,2830,33.1,1902230,Africa
Gabon,2014,2754,33.9,1966858,Africa
Gambia,2010,2674,19.8,1937284,Africa
Gambia,2011,2692,20.3,1998215,Africa
Gambia,2012,2652,20.8,2061020,Africa
Gambia,2013,2628,21.3,2124876,Africa
Gambia,2014,2593,21.9,2189023,Africa
Georgia,2010,2845,49.8,3836834,Asia
Georgia,2011,2805,50.5,3821667,Asia
Georgia,2012,2839,51.2,3804358,Asia
Georgia,2013,2905,51.9,3786025,Asia
Georgia,2014,2797,52.6,3774232,Asia
Germany,2010,3504,62.2,81325088,Europe
Germany,2011,3538,62.7,81423384,Europe
Germany,2012,3501,63.1,81545568,Europe
Germany,2013,3499,63.5,81680592,Europe
Germany,2014,3541,64,81858824,Europe
Ghana,2010,3077,18.9,25574722,Africa
Ghana,2011,3002,19.6,26205940,Africa
Ghana,2012,3043,20.3,26858760,Africa
Ghana,2013,3016,21.1,27525586,Africa
Ghana,2014,2982,21.9,28196356,Africa
Greece,2010,3442,65.5,11033784,Europe
Greece,2011,3427,65.9,11004730,Europe
Greece,2012,3404,66.2,10963633,Europe
Greece,2013,3400,66.4,10914501,Europe
Greece,2014,3439,66.7,10862972,Europe
Grenada,2010,2432,43.9,114058,North America
Grenada,2011,2424,44.8,114933,North America
Grenada,2012,2440,45.7,115930,North America
Grenada,2013,2447,46.6,116954,North America
Grenada,2014,2366,47.5,117986,North America
Guatemala,2010,2431,45.3,14543126,North America
Guatemala,2011,2485,46,14833458,North America
Guatemala,2012,2416,46.7,15128307,North America
Guatemala,2013,2419,47.4,15422663,North America
Guatemala,2014,2447,48.1,15713744,North America
Guinea,2010,2550,15.2,10270728,Africa
Guinea,2011,2546,15.5,10527711,Africa
Guinea,2012,2561,15.7,10788696,Africa
Guinea,2013,2566,16.1,11055433,Africa
Guinea,2014,2648,16.4,11333362,Africa
Guinea-Bissau,2010,2346,15.8,1567226,Africa
Guinea-Bissau,2011,2336,16.2,1609025,Africa
Guinea-Bissau,2012,2331,16.6,1652720,Africa
Guinea-Bissau,2013,2292,17,1697757,Africa
Guinea-Bissau,2014,2171,17.4,1743318,Africa
Guyana,2010,2643,39.3,747937,South America
Guyana,2011,2637,40.1,744235,South America
Guyana,2012,2728,40.9,743970,South America
Guyana,2013,2764,41.8,747424,South America
Guyana,2014,2791,42.7,751126,South America
Haiti,2010,2169,28,9842883,North America
Haiti,2011,2097,28.6,9954318,North America
Haiti,2012,2084,29.4,10108541,North America
Haiti,2013,2091,30.1,10261205,North America
Haiti,2014,2143,30.9,10412741,North America
Honduras,2010,2596,44.2,8450936,North America
Honduras,2011,2624,44.9,8622510,North America
Honduras,2012,2629,45.6,8792370,North America
Honduras,2013,2641,46.3,8960654,North America
Honduras,2014,2566,47,9127851,North America
Hong Kong,2010,3256,49.6,7132437,Asia
Hong Kong,2011,3259,50.7,7175370,Asia
Hong Kong,2012,3281,51.7,7234062,Asia
Hong Kong,2013,3290,52.7,7296820,Asia
Hong Kong,2014,3250,53.7,7352180,Asia
Hungary,2010,3062,65.2,9986832,Europe
Hungary,2011,3064,65.6,9953247,Europe
Hungary,2012,3009,66.1,9922133,Europe
Hungary,2013,3037,66.6,9894637,Europe
Hungary,2014,3110,67.1,9867906,Europe
Iceland,2010,3341,63,318346,Europe
Iceland,2011,3348,63.5,319308,Europe
Iceland,2012,3396,63.9,320988,Europe
Iceland,2013,3380,64.4,324036,Europe
Iceland,2014,3458,64.9,327650,Europe
India,2010,2442,14.4,1240613632,Asia
India,2011,2455,14.9,1257621248,Asia
India,2012,2435,15.4,1274487168,Asia
India,2013,2459,15.9,1291132032,Asia
India,2014,2460,16.4,1307246464,Asia
Indonesia,2010,2651,16.7,244016176,Asia
Indonesia,2011,2712,17.4,247099696,Asia
Indonesia,2012,2770,18.2,250222688,Asia
Indonesia,2013,2777,18.9,253275920,Asia
Indonesia,2014,2819,19.7,256229760,Asia
Iran,2010,3094,52.8,75373864,Asia
Iran,2011,3051,53.8,76342968,Asia
Iran,2012,3064,54.8,77324448,Asia
Iran,2013,3094,55.7,78458928,Asia
Iran,2014,3105,56.5,79961672,Asia
Iraq,2010,2505,50.1,31264880,Asia
Iraq,2011,2494,51,32378066,Asia
Iraq,2012,2527,51.9,33864452,Asia
Iraq,2013,2545,52.8,35481804,Asia
Iraq,2014,2597,53.7,36746484,Asia
Ireland,2010,3591,65.5,4524581,Europe
Ireland,2011,3600,65.9,4544504,Europe
Ireland,2012,3598,66.3,4564550,Europe
Ireland,2013,3600,66.6,4588830,Europe
Ireland,2014,3654,67,4622165,Europe
Israel,2010,3535,66.7,7328439,Asia
Israel,2011,3546,67.2,7459750,Asia
Israel,2012,3603,67.6,7592099,Asia
Israel,2013,3610,68,7726675,Asia
Israel,2014,3576,68.4,7863849,Asia
Italy,2010,3583,64.2,59822452,Europe
Italy,2011,3575,64.6,60025952,Europe
Italy,2012,3575,65,60190152,Europe
Italy,2013,3579,65.4,60312600,Europe
Italy,2014,3487,65.7,60322792,Europe
Jamaica,2010,2762,44.8,2733904,North America
Jamaica,2011,2768,45.7,2746169,North America
Jamaica,2012,2754,46.5,2759819,North America
Jamaica,2013,2746,47.4,2773134,North America
Jamaica,2014,2714,48.3,2784542,North America
Japan,2010,2685,27.4,128105432,Asia
Japan,2011,2712,27.7,128007256,Asia
Japan,2012,2740,28.1,127853688,Asia
Japan,2013,2726,28.5,127678920,Asia
Japan,2014,2720,28.8,127476728,Asia
Jordan,2010,3104,59.9,6931263,Asia
Jordan,2011,3139,60.6,7109980,Asia
Jordan,2012,3141,61.3,7211866,Asia
Jordan,2013,3100,61.9,7694818,Asia
Jordan,2014,2866,62.5,8658030,Asia
Kazakhstan,2010,3143,55.9,16627839,Asia
Kazakhstan,2011,3207,56.9,16864920,Asia
Kazakhstan,2012,3187,57.9,17102868,Asia
Kazakhstan,2013,3264,58.9,17345734,Asia
Kazakhstan,2014,3178,59.9,17592296,Asia
Kenya,2010,2160,15.5,41517896,Africa
Kenya,2011,2170,15.8,42635148,Africa
Kenya,2012,2192,16.2,43725808,Africa
Kenya,2013,2206,16.7,44792368,Africa
Kenya,2014,2183,17.1,45831860,Africa
Kiribati,2010,2960,68.1,108011,Oceania
Kiribati,2011,3027,68.3,109887,Oceania
Kiribati,2012,3055,68.5,111630,Oceania
Kiribati,2013,3040,68.7,113316,Oceania
Kiribati,2014,3095,69,115002,Oceania
Kuwait,2010,3464,71.3,2943364,Asia
Kuwait,2011,3468,71.7,3143827,Asia
Kuwait,2012,3440,72.1,3394668,Asia
Kuwait,2013,3501,72.4,3646520,Asia
Kuwait,2014,3466,72.7,3761590,Asia
Kyrgyzstan,2010,2790,42.2,5483781,Asia
Kyrgyzstan,2011,2771,43,5552339,Asia
Kyrgyzstan,2012,2776,43.7,5631955,Asia
Kyrgyzstan,2013,2817,44.4,5719561,Asia
Kyrgyzstan,2014,2713,45.2,5814426,Asia
Laos,2010,2340,12.1,6323425,Asia
Laos,2011,2402,12.6,6416331,Asia
Laos,2012,2379,13.2,6508806,Asia
Laos,2013,2451,13.8,6600736,Asia
Laos,2014,2674,14.5,6691467,Asia
Latvia,2010,3136,59.5,2101537,Europe
Latvia,2011,3148,60.5,2076974,Europe
Latvia,2012,3108,61.4,2053635,Europe
Latvia,2013,3174,62.4,2031491,Europe
Latvia,2014,3208,63.3,2011040,Europe
Lebanon,2010,3162,62.7,4995799,Asia
Lebanon,2011,3126,63.2,5045061,Asia
Lebanon,2012,3091,63.6,5178338,Asia
Lebanon,2013,3066,63.9,5678859,Asia
Lebanon,2014,2958,64.3,6274345,Asia
Lesotho,2010,2572,16.9,2022752,Africa
Lesotho,2011,2550,17.3,2037687,Africa
Lesotho,2012,2547,17.8,2054722,Africa
Lesotho,2013,2529,18.3,2073948,Africa
Lesotho,2014,2356,18.9,2095251,Africa
Liberia,2010,2198,15.4,4019958,Africa
Liberia,2011,2254,15.8,4181148,Africa
Liberia,2012,2200,16.3,4331749,Africa
Liberia,2013,2204,16.8,4427319,Africa
Liberia,2014,2154,17.4,4519410,Africa
Lithuania,2010,3333,60.2,3139021,Europe
Lithuania,2011,3409,61.1,3099800,Europe
Lithuania,2012,3390,62,3063340,Europe
Lithuania,2013,3417,62.8,3028191,Europe
Lithuania,2014,3387,63.7,2994928,Europe
Luxembourg,2010,3526,65.5,507075,Europe
Luxembourg,2011,3532,66,518207,Europe
Luxembourg,2012,3540,66.4,530596,Europe
Luxembourg,2013,3539,66.8,543068,Europe
Luxembourg,2014,3495,67.3,556075,Europe
Madagascar,2010,2068,13.3,21731052,Africa
Madagascar,2011,2085,13.6,22348158,Africa
Madagascar,2012,2058,13.8,22966242,Africa
Madagascar,2013,2052,14.1,23588078,Africa
Madagascar,2014,1986,14.4,24215980,Africa
Malawi,2010,2329,10.7,14718426,Africa
Malawi,2011,2348,10.9,15146095,Africa
Malawi,2012,2333,11.1,15581250,Africa
Malawi,2013,2367,11.4,16024775,Africa
Malawi,2014,2501,11.6,16477972,Africa
Malaysia,2010,2876,33.3,28717728,Asia
Malaysia,2011,2889,34.4,29184140,Asia
Malaysia,2012,2901,35.4,29660216,Asia
Malaysia,2013,2916,36.4,30134806,Asia
Malaysia,2014,2831,37.5,30606454,Asia
Maldives,2010,2718,24.3,361579,Asia
Maldives,2011,2750,25.3,374450,Asia
Maldives,2012,2712,26.2,387552,Asia
Maldives,2013,2732,27.1,400741,Asia
Maldives,2014,2397,28,416746,Asia
Mali,2010,2813,15.8,15529183,Africa
Mali,2011,2832,16.2,16039734,Africa
Mali,2012,2860,16.6,16514689,Africa
Mali,2013,2890,17,17004038,Africa
Mali,2014,2833,17.5,17551824,Africa
Malta,2010,3387,68,418758,Europe
Malta,2011,3374,68.4,423577,Europe
Malta,2012,3381,68.9,429912,Europe
Malta,2013,3378,69.3,437531,Europe
Malta,2014,3415,69.8,446449,Europe
Mauritania,2010,2797,20.8,3419462,Africa
Mauritania,2011,2806,21.3,3524250,Africa
Mauritania,2012,2873,21.9,3636122,Africa
Mauritania,2013,2876,22.5,3742965,Africa
Mauritania,2014,2882,23.2,3843181,Africa
Mauritius,2010,3151,33.4,1283347,Africa
Mauritius,2011,3058,34.1,1286239,Africa
Mauritius,2012,3014,34.9,1288753,Africa
Mauritius,2013,3065,35.7,1290698,Africa
Mauritius,2014,3040,36.5,1292112,Africa
Mexico,2010,3041,60.9,112532400,North America
Mexico,2011,3028,61.5,114150480,North America
Mexico,2012,3049,62.2,115755912,North America
Mexico,2013,3072,62.9,117290680,North America
Mexico,2014,3132,63.6,118755888,North America
Moldova,2010,2680,45.1,3678186,Europe
Moldova,2011,2700,46.1,3595135,Europe
Moldova,2012,2713,47,3507197,Europe
Moldova,2013,2714,47.9,3416532,Europe
Moldova,2014,2348,48.9,3338338,Europe
Mongolia,2010,2431,46.1,2702527,Asia
Mongolia,2011,2454,47,2743946,Asia
Mongolia,2012,2487,48,2792354,Asia
Mongolia,2013,2510,49,2845160,Asia
Mongolia,2014,2513,50,2902826,Asia
Montenegro,2010,3463,61.1,631048,Europe
Montenegro,2011,3481,61.8,631801,Europe
Montenegro,2012,3374,62.4,633053,Europe
Montenegro,2013,3491,63,633951,Europe
Montenegro,2014,3376,63.6,634301,Europe
Morocco,2010,3294,46.6,32464866,Africa
Morocco,2011,3349,47.4,32903708,Africa
Morocco,2012,3366,48.1,33352166,Africa
Morocco,2013,3403,48.9,33803528,Africa
Morocco,2014,3396,49.7,34248608,Africa
Mozambique,2010,2242,10.9,23073732,Africa
Mozambique,2011,2259,11.2,23760424,Africa
Mozambique,2012,2298,11.4,24487614,Africa
Mozambique,2013,2283,11.7,25251738,Africa
Mozambique,2014,2176,12,26038704,Africa
Myanmar,2010,2500,11.9,49390988,Asia
Myanmar,2011,2531,12.5,49794528,Asia
Myanmar,2012,2565,13.2,50218196,Asia
Myanmar,2013,2571,13.9,50648336,Asia
Myanmar,2014,2653,14.6,51072436,Asia
Namibia,2010,2055,23.8,2099275,Africa
Namibia,2011,2090,24.5,2132343,Africa
Namibia,2012,2145,25.2,2167474,Africa
Namibia,2013,2171,25.9,2204517,Africa
Namibia,2014,2369,26.7,2243008,Africa
Nepal,2010,2560,13.7,27161572,Asia
Nepal,2011,2614,14.1,27266398,Asia
Nepal,2012,2655,14.6,27330696,Asia
Nepal,2013,2673,15,27381558,Asia
Nepal,2014,2714,15.5,27462110,Asia
Netherlands,2010,3208,61,16617121,Europe
Netherlands,2011,3212,61.4,16701470,Europe
Netherlands,2012,3225,61.8,16785296,Europe
Netherlands,2013,3228,62.2,16867352,Europe
Netherlands,2014,3213,62.6,16954080,Europe
New Zealand,2010,3139,66.5,4346345,Oceania
New Zealand,2011,3137,67.1,4381274,Oceania
New Zealand,2012,3127,67.7,4410285,Oceania
New Zealand,2013,3137,68.2,4450641,Oceania
New Zealand,2014,3148,68.8,4514198,Oceania
Nicaragua,2010,2513,43.2,5855736,North America
Nicaragua,2011,2543,43.8,5942554,North America
Nicaragua,2012,2560,44.5,6030605,North America
Nicaragua,2013,2638,45.2,6119377,North America
Nicaragua,2014,2529,45.9,6208680,North America
Niger,2010,2533,10.7,16647545,Africa
Niger,2011,2534,10.8,17283118,Africa
Niger,2012,2567,10.9,17954410,Africa
Niger,2013,2547,11.1,18653204,Africa
Niger,2014,2556,11.2,19372012,Africa
Nigeria,2010,2706,20.7,160952864,Africa
Nigeria,2011,2706,21.4,165463744,Africa
Nigeria,2012,2665,22.1,170075936,Africa
Nigeria,2013,2700,22.9,174726128,Africa
Nigeria,2014,2626,23.6,179379024,Africa
North Korea,2010,2089,17.8,24686436,Asia
North Korea,2011,2100,18.1,24783790,Asia
North Korea,2012,2105,18.3,24887770,Asia
North Korea,2013,2094,18.6,25001824,Asia
North Korea,2014,2087,18.9,25126140,Asia
North Macedonia,2010,2955,57.5,2093828,Europe
North Macedonia,2011,2910,58.2,2097110,Europe
North Macedonia,2012,2931,58.9,2099486,Europe
North Macedonia,2013,2949,59.5,2102220,Europe
North Macedonia,2014,2955,60.2,2105293,Europe
Norway,2010,3486,63.5,4889747,Europe
Norway,2011,3488,64,4953565,Europe
Norway,2012,3499,64.4,5019058,Europe
Norway,2013,3485,64.9,5080667,Europe
Norway,2014,3466,65.4,5137926,Europe
Oman,2010,3058,58.1,2881915,Asia
Oman,2011,3077,58.9,3206883,Asia
Oman,2012,3115,59.6,3535585,Asia
Oman,2013,3143,60.3,3816688,Asia
Oman,2014,2989,60.9,4009272,Asia
Pakistan,2010,2432,19.1,194454496,Asia
Pakistan,2011,2426,19.5,198602736,Asia
Pakistan,2012,2434,20,202205856,Asia
Pakistan,2013,2440,20.5,205337552,Asia
Pakistan,2014,2429,21,208251632,Asia
Panama,2010,2579,54.3,3623622,North America
Panama,2011,2646,55.2,3688679,North America
Panama,2012,2703,56.2,3754871,North America
Panama,2013,2733,57.1,3821557,North America
Panama,2014,2751,58,3888795,North America
Paraguay,2010,2575,48.6,5768618,South America
Paraguay,2011,2614,49.3,5843938,South America
Paraguay,2012,2591,50,5923327,South America
Paraguay,2013,2589,50.8,6005656,South America
Paraguay,2014,2770,51.5,6090727,South America
Peru,2010,2617,49.2,29229576,South America
Peru,2011,2632,50.1,29477722,South America
Peru,2012,2682,51,29749592,South America
Peru,2013,2700,51.9,30038810,South America
Peru,2014,2738,52.7,30353956,South America
Philippines,2010,2582,19.5,94636704,Asia
Philippines,2011,2572,20,96337912,Asia
Philippines,2012,2584,20.6,98032320,Asia
Philippines,2013,2570,21.2,99700112,Asia
Philippines,2014,2508,21.8,101325208,Asia
Poland,2010,3413,62.8,38597356,Europe
Poland,2011,3443,63.4,38620848,Europe
Poland,2012,3443,64.1,38625872,Europe
Poland,2013,3451,64.7,38607352,Europe
Poland,2014,3414,65.2,38581880,Europe
Portugal,2010,3498,60.1,10588401,Europe
Portugal,2011,3477,60.6,10564820,Europe
Portugal,2012,3473,61.2,10522085,Europe
Portugal,2013,3477,61.7,10464537,Europe
Portugal,2014,3377,62.2,10408379,Europe
Romania,2010,3325,61.1,20335212,Europe
Romania,2011,3339,61.8,20220286,Europe
Romania,2012,3341,62.5,20137112,Europe
Romania,2013,3358,63.2,20066550,Europe
Romania,2014,3417,63.9,19995836,Europe
Russia,2010,3302,56.7,143242592,Europe
Russia,2011,3331,57.6,143364544,Europe
Russia,2012,3366,58.5,143629360,Europe
Russia,2013,3361,59.4,143956864,Europe
Russia,2014,3365,60.3,144285072,Europe
Rwanda,2010,2198,9.1,10309032,Africa
Rwanda,2011,2213,9.4,10576932,Africa
Rwanda,2012,2270,9.7,10840331,Africa
Rwanda,2013,2228,10,11101352,Africa
Rwanda,2014,2214,10.3,11368450,Africa
Saint Kitts and Nevis,2010,2487,49.2,47429,North America
Saint Kitts and Nevis,2011,2470,49.9,47605,North America
Saint Kitts and Nevis,2012,2477,50.6,47754,North America
Saint Kitts and Nevis,2013,2492,51.4,47793,North America
Saint Kitts and Nevis,2014,2511,52.1,47816,North America
Saint Lucia,2010,2596,44.7,170950,North America
Saint Lucia,2011,2583,45.5,172157,North America
Saint Lucia,2012,2579,46.3,173139,North America
Saint Lucia,2013,2595,47.2,173992,North America
Saint Lucia,2014,2618,48.1,174814,North America
Saint Vincent and the Grenadines,2010,2907,45.6,109324,North America
Saint Vincent and the Grenadines,2011,2941,46.6,108722,North America
Saint Vincent and the Grenadines,2012,2929,47.5,108105,North America
Saint Vincent and the Grenadines,2013,2968,48.5,107469,North America
Saint Vincent and the Grenadines,2014,2945,49.5,106934,North America
Samoa,2010,2911,71.9,194686,Oceania
Samoa,2011,2883,72.2,196364,Oceania
Samoa,2012,2962,72.6,198131,Oceania
Samoa,2013,2960,73,199952,Oceania
Samoa,2014,2974,73.4,201769,Oceania
Sao Tome and Principe,2010,2368,21.4,182154,Africa
Sao Tome and Principe,2011,2331,22.1,186058,Africa
Sao Tome and Principe,2012,2338,22.7,189936,Africa
Sao Tome and Principe,2013,2400,23.4,193765,Africa
Sao Tome and Principe,2014,2381,24.1,197511,Africa
Saudi Arabia,2010,3124,62.7,29411930,Asia
Saudi Arabia,2011,3103,63.4,30150952,Asia
Saudi Arabia,2012,3269,64.1,30821554,Asia
Saudi Arabia,2013,3255,64.8,31482502,Asia
Saudi Arabia,2014,3274,65.5,32125570,Asia
Senegal,2010,2435,18,12530128,Africa
Senegal,2011,2428,18.4,12875878,Africa
Senegal,2012,2443,18.7,13231840,Africa
Senegal,2013,2456,19.1,13595571,Africa
Senegal,2014,2438,19.5,13970314,Africa
Serbia,2010,2725,57.3,7653749,Europe
Serbia,2011,2733,57.8,7620925,Europe
Serbia,2012,2717,58.3,7591357,Europe
Serbia,2013,2728,58.8,7566674,Europe
Serbia,2014,2807,59.3,7543965,Europe
Sierra Leone,2010,2275,14.9,6436699,Africa
Sierra Leone,2011,2335,15.3,6612390,Africa
Sierra Leone,2012,2374,15.8,6788594,Africa
Sierra Leone,2013,2404,16.3,6964867,Africa
Sierra Leone,2014,2301,16.9,7140700,Africa
Slovakia,2010,2950,62,5396428,Europe
Slovakia,2011,2941,62.7,5402686,Europe
Slovakia,2012,2901,63.3,5409283,Europe
Slovakia,2013,2944,63.9,5414744,Europe
Slovakia,2014,2823,64.5,5419572,Europe
Slovenia,2010,3176,62.2,2057294,Europe
Slovenia,2011,3165,62.7,2065457,Europe
Slovenia,2012,3160,63.2,2069365,Europe
Slovenia,2013,3168,63.7,2072374,Europe
Slovenia,2014,3203,64.1,2074923,Europe
Solomon Islands,2010,2482,37,540402,Oceania
Solomon Islands,2011,2491,37.5,553727,Oceania
Solomon Islands,2012,2421,37.9,567771,Oceania
Solomon Islands,2013,2391,38.4,582369,Oceania
Solomon Islands,2014,2376,38.9,597386,Oceania
South Africa,2010,2992,36.5,51784928,Africa
South Africa,2011,3002,37.5,52443320,Africa
South Africa,2012,3014,38.4,53145036,Africa
South Africa,2013,3022,39.3,53873608,Africa
South Africa,2014,2976,40.2,54729556,Africa
South Korea,2010,3281,33.5,48813036,Asia
South Korea,2011,3354,34.6,49169880,Asia
South Korea,2012,3325,35.7,49634188,Asia
South Korea,2013,3334,36.8,50098228,Asia
South Korea,2014,3333,37.9,50558044,Asia
Spain,2010,3183,65.7,46572776,Europe
Spain,2011,3192,66,46729232,Europe
Spain,2012,3173,66.4,46756084,Europe
Spain,2013,3174,66.7,46603460,Europe
Spain,2014,3163,67.1,46464548,Europe
Sri Lanka,2010,2465,14.9,20668556,Asia
Sri Lanka,2011,2491,15.4,20859746,Asia
Sri Lanka,2012,2512,16,21017150,Asia
Sri Lanka,2013,2539,16.6,21131762,Asia
Sri Lanka,2014,2618,17.3,21239448,Asia
Sudan,2012,2301,20.6,35159792,Africa
Sudan,2013,2336,21.1,35990708,Africa
Sudan,2014,2589,21.5,37003248,Africa
Suriname,2010,2795,48.6,546085,South America
Suriname,2011,2712,49.5,552154,South America
Suriname,2012,2726,50.3,558111,South America
Suriname,2013,2753,51.2,563952,South America
Suriname,2014,2764,52,569687,South America
Sweden,2010,3151,60.6,9381722,Europe
Sweden,2011,3157,61.1,9467384,Europe
Sweden,2012,3170,61.6,9555984,Europe
Sweden,2013,3179,62.1,9648935,Europe
Sweden,2014,3198,62.6,9747507,Europe
Switzerland,2010,3448,62.7,7822444,Europe
Switzerland,2011,3491,63.1,7910988,Europe
Switzerland,2012,3382,63.5,7995738,Europe
Switzerland,2013,3391,63.9,8088370,Europe
Switzerland,2014,3421,64.3,8187792,Europe
Taiwan,2010,2962,40.2,23083086,Asia
Taiwan,2011,2956,40.8,23143076,Asia
Taiwan,2012,2955,41.3,23234064,Asia
Taiwan,2013,2997,41.9,23330332,Asia
Taiwan,2014,2960,42.4,23422504,Asia
Tajikistan,2010,2105,36.4,7621785,Asia
Tajikistan,2011,2049,37.2,7784820,Asia
Tajikistan,2012,2159,37.9,7956383,Asia
Tajikistan,2013,2201,38.6,8136612,Asia
Tajikistan,2014,2091,39.4,8326354,Asia
Tanzania,2010,2097,13.5,45110532,Africa
Tanzania,2011,2200,13.9,46416032,Africa
Tanzania,2012,2192,14.3,47786136,Africa
Tanzania,2013,2208,14.8,49253648,Africa
Tanzania,2014,2339,15.2,50814552,Africa
Thailand,2010,2756,22.5,68270488,Asia
Thailand,2011,2760,23.3,68712848,Asia
Thailand,2012,2784,24.2,69157024,Asia
Thailand,2013,2784,25.1,69578600,Asia
Thailand,2014,2771,26,69960944,Asia
Togo,2010,2370,14.2,6571862,Africa
Togo,2011,2383,14.5,6748675,Africa
Togo,2012,2414,14.9,6926634,Africa
Togo,2013,2454,15.3,7106238,Africa
Togo,2014,2433,15.7,7288381,Africa
Trinidad and Tobago,2010,2841,47.3,1410297,North America
Trinidad and Tobago,2011,2906,48.2,1420021,North America
Trinidad and Tobago,2012,2989,49.2,1430379,North America
Trinidad and Tobago,2013,3052,50.2,1440731,North America
Trinidad and Tobago,2014,2987,51.2,1450663,North America
Tunisia,2010,3326,52.4,10895063,Africa
Tunisia,2011,3360,53.1,11032529,Africa
Tunisia,2012,3390,53.8,11174384,Africa
Tunisia,2013,3349,54.5,11300284,Africa
Tunisia,2014,3435,55.1,11428953,Africa
Turkey,2010,3650,60.3,73195352,Asia
Turkey,2011,3674,61,74173856,Asia
Turkey,2012,3690,61.7,75277440,Asia
Turkey,2013,3706,62.4,76576120,Asia
Turkey,2014,3659,63,78112064,Asia
Turkmenistan,2010,2866,48.2,5267975,Asia
Turkmenistan,2011,2851,49.3,5360813,Asia
Turkmenistan,2012,2842,50.4,5458688,Asia
Turkmenistan,2013,2840,51.5,5560099,Asia
Turkmenistan,2014,2904,52.6,5663159,Asia
Uganda,2010,2200,10.9,32341724,Africa
Uganda,2011,2178,11.3,33295738,Africa
Uganda,2012,2160,11.7,34273296,Africa
Uganda,2013,2130,12.1,35273568,Africa
Uganda,2014,2127,12.5,36336544,Africa
Ukraine,2010,3140,54.1,45683024,Europe
Ukraine,2011,3177,55,45516136,Europe
Ukraine,2012,3161,55.8,45406228,Europe
Ukraine,2013,3138,56.6,45307104,Europe
Ukraine,2014,3145,57.4,45148072,Europe
United Arab Emirates,2010,3161,67.1,8481775,Asia
United Arab Emirates,2011,3210,67.2,8575210,Asia
United Arab Emirates,2012,3230,67.3,8664976,Asia
United Arab Emirates,2013,3280,67.5,8751853,Asia
United Arab Emirates,2014,3398,67.7,8835957,Asia
United Kingdom,2010,3404,65.6,62760048,Europe
United Kingdom,2011,3417,66.1,63286360,Europe
United Kingdom,2012,3403,66.6,63808728,Europe
United Kingdom,2013,3424,67.2,64302296,Europe
United Kingdom,2014,3376,67.7,64773504,Europe
United States,2010,3650,71,311182848,North America
United States,2011,3649,71.4,313876608,North America
United States,2012,3687,71.9,316651328,North America
United States,2013,3682,72.3,319375168,North America
United States,2014,3717,72.8,322033952,North America
Uruguay,2010,2984,59.8,3352653,South America
Uruguay,2011,3012,60.6,3361631,South America
Uruguay,2012,3016,61.4,3371134,South America
Uruguay,2013,3050,62.1,3381187,South America
Uruguay,2014,3157,62.9,3391660,South America
Uzbekistan,2010,2648,43.5,28614234,Asia
Uzbekistan,2011,2694,44.3,29057456,Asia
Uzbekistan,2012,2730,45.1,29503058,Asia
Uzbekistan,2013,2760,46,29963220,Asia
Uzbekistan,2014,2964,46.8,30446542,Asia
Vanuatu,2010,2856,45.2,245464,Oceania
Vanuatu,2011,2841,45.7,251309,Oceania
Vanuatu,2012,2818,46.2,257329,Oceania
Vanuatu,2013,2836,46.7,263547,Oceania
Vanuatu,2014,2733,47.2,269942,Oceania
Venezuela,2010,2805,59.4,28715026,South America
Venezuela,2011,2803,60.1,29096158,South America
Venezuela,2012,2691,60.9,29470428,South America
Venezuela,2013,2631,61.6,29838022,South America
Venezuela,2014,2610,62.2,30193260,South America
Vietnam,2010,2678,12.7,87411016,Asia
Vietnam,2011,2716,13.4,88349104,Asia
Vietnam,2012,2713,14.2,89301328,Asia
Vietnam,2013,2745,15,90267736,Asia
Vietnam,2014,2853,15.8,91235504,Asia
World,2010,2847.677449,35.7,6985603072,World
World,2011,2867.025827,36.3,7073125376,World
World,2012,2872.407876,37,7161697792,World
World,2013,2882.104179,37.7,7250593280,World
World,2014,2895.239696,38.3,7339013632,World
Yemen,2010,2197,35.2,24743944,Asia
Yemen,2011,2206,35.5,25475608,Asia
Yemen,2012,2231,35.9,26223390,Asia
Yemen,2013,2223,36.3,26984008,Asia
Yemen,2014,2156,36.8,27753310,Asia
Zambia,2010,1904,16.7,13792095,Africa
Zambia,2011,1907,17.1,14265824,Africa
Zambia,2012,1923,17.6,14744662,Africa
Zambia,2013,1930,18,15234976,Africa
Zambia,2014,2013,18.5,15737796,Africa
Zimbabwe,2010,2168,18.1,12839774,Africa
Zimbabwe,2011,2200,18.4,13025789,Africa
Zimbabwe,2012,2197,18.7,13265331,Africa
Zimbabwe,2013,2110,19.1,13555420,Africa
Zimbabwe,2014,1986,19.5,13855758,Africa
